{
  "methodConfig": [
    {
      "name": [
        {
          "service": "google.ads.googleads.v4.services.AccountBudgetProposalService"
        },
        {
          "service": "google.ads.googleads.v4.services.AccountBudgetService"
        },
        {
          "service": "google.ads.googleads.v4.services.AccountLinkService"
        },
        {
          "service": "google.ads.googleads.v4.services.AdGroupAdAssetViewService"
        },
        {
          "service": "google.ads.googleads.v4.services.AdGroupAdLabelService"
        },
        {
          "service": "google.ads.googleads.v4.services.AdGroupAdService"
        },
        {
          "service": "google.ads.googleads.v4.services.AdGroupAudienceViewService"
        },
        {
          "service": "google.ads.googleads.v4.services.AdGroupBidModifierService"
        },
        {
          "service": "google.ads.googleads.v4.services.AdGroupCriterionLabelService"
        },
        {
          "service": "google.ads.googleads.v4.services.AdGroupCriterionService"
        },
        {
          "service": "google.ads.googleads.v4.services.AdGroupCriterionSimulationService"
        },
        {
          "service": "google.ads.googleads.v4.services.AdGroupExtensionSettingService"
        },
        {
          "service": "google.ads.googleads.v4.services.AdGroupFeedService"
        },
        {
          "service": "google.ads.googleads.v4.services.AdGroupLabelService"
        },
        {
          "service": "google.ads.googleads.v4.services.AdGroupService"
        },
        {
          "service": "google.ads.googleads.v4.services.AdGroupSimulationService"
        },
        {
          "service": "google.ads.googleads.v4.services.AdParameterService"
        },
        {
          "service": "google.ads.googleads.v4.services.AdScheduleViewService"
        },
        {
          "service": "google.ads.googleads.v4.services.AdService"
        },
        {
          "service": "google.ads.googleads.v4.services.AgeRangeViewService"
        },
        {
          "service": "google.ads.googleads.v4.services.AssetService"
        },
        {
          "service": "google.ads.googleads.v4.services.BatchJobService"
        },
        {
          "service": "google.ads.googleads.v4.services.BiddingStrategyService"
        },
        {
          "service": "google.ads.googleads.v4.services.BillingSetupService"
        },
        {
          "service": "google.ads.googleads.v4.services.CampaignAudienceViewService"
        },
        {
          "service": "google.ads.googleads.v4.services.CampaignBidModifierService"
        },
        {
          "service": "google.ads.googleads.v4.services.CampaignBudgetService"
        },
        {
          "service": "google.ads.googleads.v4.services.CampaignCriterionService"
        },
        {
          "service": "google.ads.googleads.v4.services.CampaignCriterionSimulationService"
        },
        {
          "service": "google.ads.googleads.v4.services.CampaignDraftService"
        },
        {
          "service": "google.ads.googleads.v4.services.CampaignExperimentService"
        },
        {
          "service": "google.ads.googleads.v4.services.CampaignExtensionSettingService"
        },
        {
          "service": "google.ads.googleads.v4.services.CampaignFeedService"
        },
        {
          "service": "google.ads.googleads.v4.services.CampaignLabelService"
        },
        {
          "service": "google.ads.googleads.v4.services.CampaignService"
        },
        {
          "service": "google.ads.googleads.v4.services.CampaignSharedSetService"
        },
        {
          "service": "google.ads.googleads.v4.services.CarrierConstantService"
        },
        {
          "service": "google.ads.googleads.v4.services.ChangeStatusService"
        },
        {
          "service": "google.ads.googleads.v4.services.ClickViewService"
        },
        {
          "service": "google.ads.googleads.v4.services.ConversionActionService"
        },
        {
          "service": "google.ads.googleads.v4.services.ConversionAdjustmentUploadService"
        },
        {
          "service": "google.ads.googleads.v4.services.ConversionUploadService"
        },
        {
          "service": "google.ads.googleads.v4.services.CurrencyConstantService"
        },
        {
          "service": "google.ads.googleads.v4.services.CustomInterestService"
        },
        {
          "service": "google.ads.googleads.v4.services.CustomerClientLinkService"
        },
        {
          "service": "google.ads.googleads.v4.services.CustomerClientService"
        },
        {
          "service": "google.ads.googleads.v4.services.CustomerExtensionSettingService"
        },
        {
          "service": "google.ads.googleads.v4.services.CustomerFeedService"
        },
        {
          "service": "google.ads.googleads.v4.services.CustomerLabelService"
        },
        {
          "service": "google.ads.googleads.v4.services.CustomerManagerLinkService"
        },
        {
          "service": "google.ads.googleads.v4.services.CustomerNegativeCriterionService"
        },
        {
          "service": "google.ads.googleads.v4.services.CustomerService"
        },
        {
          "service": "google.ads.googleads.v4.services.DetailPlacementViewService"
        },
        {
          "service": "google.ads.googleads.v4.services.DisplayKeywordViewService"
        },
        {
          "service": "google.ads.googleads.v4.services.DistanceViewService"
        },
        {
          "service": "google.ads.googleads.v4.services.DomainCategoryService"
        },
        {
          "service": "google.ads.googleads.v4.services.DynamicSearchAdsSearchTermViewService"
        },
        {
          "service": "google.ads.googleads.v4.services.ExpandedLandingPageViewService"
        },
        {
          "service": "google.ads.googleads.v4.services.ExtensionFeedItemService"
        },
        {
          "service": "google.ads.googleads.v4.services.FeedItemService"
        },
        {
          "service": "google.ads.googleads.v4.services.FeedItemTargetService"
        },
        {
          "service": "google.ads.googleads.v4.services.FeedMappingService"
        },
        {
          "service": "google.ads.googleads.v4.services.FeedPlaceholderViewService"
        },
        {
          "service": "google.ads.googleads.v4.services.FeedService"
        },
        {
          "service": "google.ads.googleads.v4.services.GenderViewService"
        },
        {
          "service": "google.ads.googleads.v4.services.GeoTargetConstantService"
        },
        {
          "service": "google.ads.googleads.v4.services.GeographicViewService"
        },
        {
          "service": "google.ads.googleads.v4.services.GoogleAdsFieldService"
        },
        {
          "service": "google.ads.googleads.v4.services.GoogleAdsService"
        },
        {
          "service": "google.ads.googleads.v4.services.GroupPlacementViewService"
        },
        {
          "service": "google.ads.googleads.v4.services.HotelGroupViewService"
        },
        {
          "service": "google.ads.googleads.v4.services.HotelPerformanceViewService"
        },
        {
          "service": "google.ads.googleads.v4.services.IncomeRangeViewService"
        },
        {
          "service": "google.ads.googleads.v4.services.InvoiceService"
        },
        {
          "service": "google.ads.googleads.v4.services.KeywordPlanAdGroupKeywordService"
        },
        {
          "service": "google.ads.googleads.v4.services.KeywordPlanAdGroupService"
        },
        {
          "service": "google.ads.googleads.v4.services.KeywordPlanCampaignKeywordService"
        },
        {
          "service": "google.ads.googleads.v4.services.KeywordPlanCampaignService"
        },
        {
          "service": "google.ads.googleads.v4.services.KeywordPlanIdeaService"
        },
        {
          "service": "google.ads.googleads.v4.services.KeywordPlanService"
        },
        {
          "service": "google.ads.googleads.v4.services.KeywordViewService"
        },
        {
          "service": "google.ads.googleads.v4.services.LabelService"
        },
        {
          "service": "google.ads.googleads.v4.services.LandingPageViewService"
        },
        {
          "service": "google.ads.googleads.v4.services.LanguageConstantService"
        },
        {
          "service": "google.ads.googleads.v4.services.LocationViewService"
        },
        {
          "service": "google.ads.googleads.v4.services.ManagedPlacementViewService"
        },
        {
          "service": "google.ads.googleads.v4.services.MediaFileService"
        },
        {
          "service": "google.ads.googleads.v4.services.MerchantCenterLinkService"
        },
        {
          "service": "google.ads.googleads.v4.services.MobileAppCategoryConstantService"
        },
        {
          "service": "google.ads.googleads.v4.services.MobileDeviceConstantService"
        },
        {
          "service": "google.ads.googleads.v4.services.OfflineUserDataJobService"
        },
        {
          "service": "google.ads.googleads.v4.services.OperatingSystemVersionConstantService"
        },
        {
          "service": "google.ads.googleads.v4.services.PaidOrganicSearchTermViewService"
        },
        {
          "service": "google.ads.googleads.v4.services.ParentalStatusViewService"
        },
        {
          "service": "google.ads.googleads.v4.services.PaymentsAccountService"
        },
        {
          "service": "google.ads.googleads.v4.services.ProductBiddingCategoryConstantService"
        },
        {
          "service": "google.ads.googleads.v4.services.ProductGroupViewService"
        },
        {
          "service": "google.ads.googleads.v4.services.ReachPlanService"
        },
        {
          "service": "google.ads.googleads.v4.services.RecommendationService"
        },
        {
          "service": "google.ads.googleads.v4.services.RemarketingActionService"
        },
        {
          "service": "google.ads.googleads.v4.services.SearchTermViewService"
        },
        {
          "service": "google.ads.googleads.v4.services.SharedCriterionService"
        },
        {
          "service": "google.ads.googleads.v4.services.SharedSetService"
        },
        {
          "service": "google.ads.googleads.v4.services.ShoppingPerformanceViewService"
        },
        {
          "service": "google.ads.googleads.v4.services.ThirdPartyAppAnalyticsLinkService"
        },
        {
          "service": "google.ads.googleads.v4.services.TopicConstantService"
        },
        {
          "service": "google.ads.googleads.v4.services.TopicViewService"
        },
        {
          "service": "google.ads.googleads.v4.services.UserDataService"
        },
        {
          "service": "google.ads.googleads.v4.services.UserInterestService"
        },
        {
          "service": "google.ads.googleads.v4.services.UserListService"
        },
        {
          "service": "google.ads.googleads.v4.services.UserLocationViewService"
        },
        {
          "service": "google.ads.googleads.v4.services.VideoService"
        }
      ],
      "timeout": "3600s",
      "retryPolicy": {
        "initialBackoff": "5s",
        "maxBackoff": "60s",
        "backoffMultiplier": 1.3,
        "retryableStatusCodes": [
          "UNAVAILABLE",
          "DEADLINE_EXCEEDED"
        ]
      }
    }
  ]
}
